{"polygon0": [[630.4921875, 77.15625], [629.34375, 78.3046875], [629.34375, 104.71875], [628.1953125, 105.8671875], [628.1953125, 139.171875], [627.046875, 140.3203125], [627.046875, 142.6171875], [624.75, 144.9140625], [623.6015625, 144.9140625], [622.453125, 146.0625], [584.5546875, 146.0625], [583.40625, 147.2109375], [583.40625, 249.421875], [584.5546875, 250.5703125], [685.6171875, 250.5703125], [686.765625, 249.421875], [690.2109375, 249.421875], [691.359375, 248.2734375], [691.359375, 237.9375], [692.5078125, 236.7890625], [692.5078125, 78.3046875], [691.359375, 77.15625]], "polygon1": [[244.6171875, 329.8125305175781], [243.46875, 330.9609680175781], [243.46875, 402.1640930175781], [244.6171875, 403.3125305175781], [244.6171875, 404.4609680175781], [272.1796875, 404.4609680175781], [273.328125, 403.3125305175781], [318.1171875, 403.3125305175781], [319.265625, 404.4609680175781], [346.828125, 404.4609680175781], [347.9765625, 405.6094055175781], [350.2734375, 405.6094055175781], [351.421875, 404.4609680175781], [351.421875, 403.3125305175781], [352.5703125, 402.1640930175781], [352.5703125, 330.9609680175781], [351.421875, 329.8125305175781]], "polygon2": [[584.5546875, 329.8125305175781], [583.40625, 330.9609680175781], [583.40625, 446.9531555175781], [584.5546875, 448.1015930175781], [691.359375, 448.1015930175781], [692.5078125, 446.9531555175781], [692.5078125, 332.1094055175781], [690.2109375, 329.8125305175781]], "polygon3": [[244.6171875, 132.28125], [243.46875, 133.4296875], [243.46875, 248.2734375], [245.765625, 250.5703125], [350.2734375, 250.5703125], [352.5703125, 248.2734375], [352.5703125, 133.4296875], [351.421875, 132.28125]], "polygon4": [[432.9609375, 449.2500305175781], [431.8125, 450.3984680175781], [431.8125, 517.0078125], [434.109375, 519.3046875], [443.296875, 519.3046875], [444.4453125, 518.15625], [460.5234375, 518.15625], [461.671875, 519.3046875], [511.0546875, 519.3046875], [512.203125, 518.15625], [512.203125, 515.859375], [513.3515625, 514.7109375], [513.3515625, 510.1172180175781], [512.203125, 508.9687805175781], [512.203125, 450.3984680175781], [511.0546875, 450.3984680175781], [509.90625, 449.2500305175781]], "polygon5": [[354.8671875, 449.2500305175781], [353.71875, 450.3984680175781], [353.71875, 515.859375], [354.8671875, 517.0078125], [354.8671875, 518.15625], [358.3125, 518.15625], [359.4609375, 519.3046875], [370.9453125, 519.3046875], [372.09375, 518.15625], [387.0234375, 518.15625], [388.171875, 519.3046875], [424.921875, 519.3046875], [424.921875, 518.15625], [426.0703125, 517.0078125], [426.0703125, 506.6719055175781], [427.21875, 505.5234680175781], [427.21875, 489.4453430175781], [426.0703125, 488.2969055175781], [426.0703125, 454.9922180175781], [427.21875, 453.8437805175781], [427.21875, 451.5469055175781], [424.921875, 449.2500305175781]], "polygon6": [[515.6484375, 449.2500305175781], [514.5, 450.3984680175781], [514.5, 515.859375], [516.796875, 518.15625], [568.4765625, 518.15625], [569.625, 519.3046875], [578.8125, 519.3046875], [579.9609375, 518.15625], [581.109375, 518.15625], [581.109375, 517.0078125], [582.2578125, 515.859375], [582.2578125, 464.1797180175781], [581.109375, 463.0312805175781], [560.4375, 463.0312805175781], [559.2890625, 461.8828430175781], [555.84375, 461.8828430175781], [553.546875, 459.5859680175781], [553.546875, 458.4375305175781], [551.25, 456.1406555175781], [551.25, 450.3984680175781], [550.1015625, 450.3984680175781], [548.953125, 449.2500305175781]], "polygon7": [[373.2421875, 40.40625], [372.09375, 41.5546875], [372.09375, 102.421875], [373.2421875, 103.5703125], [373.2421875, 104.71875], [392.765625, 104.71875], [393.9140625, 103.5703125], [535.171875, 103.5703125], [537.46875, 101.2734375], [537.46875, 100.125], [536.3203125, 98.9765625], [536.3203125, 86.34375], [537.46875, 85.1953125], [537.46875, 79.453125], [536.3203125, 78.3046875], [536.3203125, 41.5546875], [535.171875, 40.40625]], "polygon8": [[373.2421875, 109.3125], [372.09375, 110.4609375], [372.09375, 163.2890625], [373.2421875, 164.4375], [373.2421875, 165.5859375], [497.2734375, 165.5859375], [498.421875, 166.734375], [535.171875, 166.734375], [535.171875, 164.4375], [536.3203125, 163.2890625], [536.3203125, 110.4609375], [535.171875, 109.3125]], "polygon9": [[584.5546875, 77.15625], [583.40625, 78.3046875], [583.40625, 143.765625], [584.5546875, 144.9140625], [623.6015625, 144.9140625], [624.75, 143.765625], [625.8984375, 143.765625], [627.046875, 142.6171875], [627.046875, 116.203125], [628.1953125, 115.0546875], [628.1953125, 78.3046875], [627.046875, 77.15625]]}